The Shape of Water	2017	4	13	yes
Darkest Hour	2017	2	6	no
Three Billboards Outside Ebbing, Missouri	2017	2	7	no
I, Tonya	2017	1	3	no
Get Out	2017	1	4	no
Call Me by Your Name	2017	1	4	no
Coco	2017	2	2	no
A Fantastic Woman	2017	1	1	no
Icarus	2017	1	1	no
Heaven Is a Traffic Jam on the 405	2017	1	1	no
The Silent Child	2017	1	1	no
Dear Basketball	2017	1	1	no
Dunkirk	2017	3	8	no
Blade Runner 2049	2017	2	5	no
Phantom Thread	2017	1	6	no
Flesh and Sand (Carne y arena)	2017	0 (1)	0	no
Moonlight	2016	3	8	yes
La La Land	2016	6	14	no
Hacksaw Ridge	2016	2	6	no
Manchester by the Sea	2016	2	6	no
Arrival	2016	1	8	no
Fences	2016	1	4	no
Fantastic Beasts and Where to Find Them	2016	1	2	no
The Jungle Book	2016	1	1	no
O.J.: Made in America	2016	1	1	no
Piper	2016	1	1	no
The Salesman	2016	1	1	no
Sing	2016	1	1	no
Suicide Squad	2016	1	1	no
The White Helmets	2016	1	1	no
Zootopia	2016	1	1	no
Spotlight	2015	2	6	yes
Mad Max: Fury Road	2015	6	10	no
The Revenant	2015	3	12	no
Bridge of Spies	2015	1	6	no
The Big Short	2015	1	5	no
Room	2015	1	4	no
The Hateful Eight	2015	1	3	no
Ex Machina	2015	1	2	no
Inside Out	2015	1	2	no
Amy	2015	1	1	no
Bear Story	2015	1	1	no
A Girl in the River: The Price of Forgiveness	2015	1	1	no
Son of Saul	2015	1	1	no
Spectre	2015	1	1	no
Stutterer	2015	1	1	no
Birdman	2014	4	9	yes
The Grand Budapest Hotel	2014	4	9	no
Whiplash	2014	3	5	no
The Imitation Game	2014	1	8	no
American Sniper	2014	1	6	no
Boyhood	2014	1	6	no
Interstellar	2014	1	5	no
The Theory of Everything	2014	1	5	no
Ida	2014	1	2	no
Selma	2014	1	2	no
Citizenfour	2014	1	1	no
Big Hero 6	2014	1	1	no
Crisis Hotline: Veterans Press 1	2014	1	1	no
The Phone Call	2014	1	1	no
Still Alice	2014	1	1	no
Feast	2014	1	1	no
12 Years a Slave	2013	3	9	yes
Gravity	2013	7	10	no
Dallas Buyers Club	2013	3	6	no
Frozen	2013	2	2	no
The Great Gatsby	2013	2	2	no
Her	2013	1	5	no
Blue Jasmine	2013	1	3	no
Mr Hublot	2013	1	1	no
The Lady in Number 6	2013	1	1	no
Helium	2013	1	1	no
The Great Beauty	2013	1	1	no
20 Feet from Stardom	2013	1	1	no
Argo	2012	3	7	yes
Life of Pi	2012	4	11	no
Les Misérables	2012	3	8	no
Lincoln	2012	2	12	no
Django Unchained	2012	2	5	no
Skyfall	2012	2	5	no
Silver Linings Playbook	2012	1	8	no
Zero Dark Thirty	2012	1	5	no
Amour	2012	1	5	no
Anna Karenina	2012	1	4	no
Paperman	2012	1	1	no
Brave	2012	1	1	no
Searching for Sugar Man	2012	1	1	no
Inocente	2012	1	1	no
Curfew	2012	1	1	no
The Artist	2011	5	10	yes
Hugo	2011	5	11	no
The Iron Lady	2011	2	2	no
The Descendants	2011	1	5	no
The Girl with the Dragon Tattoo	2011	1	5	no
Midnight in Paris	2011	1	4	no
The Help	2011	1	4	no
A Separation	2011	1	2	no
The Fantastic Flying Books of Mr. Morris Lessmore	2011	1	1	no
The Shore	2011	1	1	no
Undefeated	2011	1	1	no
The Muppets	2011	1	1	no
Saving Face	2011	1	1	no
Beginners	2011	1	1	no
Rango	2011	1	1	no
The King's Speech	2010	4	12	yes
Inception	2010	4	8	no
The Social Network	2010	3	8	no
The Fighter	2010	2	7	no
Toy Story 3	2010	2	5	no
Alice in Wonderland	2010	2	3	no
Black Swan	2010	1	5	no
In a Better World	2010	1	1	no
The Lost Thing	2010	1	1	no
God of Love	2010	1	1	no
The Wolfman	2010	1	1	no
Strangers No More	2010	1	1	no
Inside Job	2010	1	1	no
The Hurt Locker	2009	6	9	yes
Avatar	2009	3	9	no
Precious	2009	2	6	no
Up	2009	2	5	no
Crazy Heart	2009	2	3	no
Inglourious Basterds	2009	1	8	no
Star Trek	2009	1	4	no
The Young Victoria	2009	1	3	no
The Blind Side	2009	1	2	no
Music by Prudence	2009	1	1	no
The Secret in Their Eyes	2009	1	1	no
The Cove	2009	1	1	no
The New Tenants	2009	1	1	no
Logorama	2009	1	1	no
Slumdog Millionaire	2008	8	10	yes
The Curious Case of Benjamin Button	2008	3	13	no
Milk	2008	2	8	no
The Dark Knight	2008	2	8	no
WALL-E	2008	1	6	no
The Reader	2008	1	5	no
The Duchess	2008	1	2	no
Departures	2008	1	1	no
Vicky Cristina Barcelona	2008	1	1	no
Smile Pinki	2008	1	1	no
Man on Wire	2008	1	1	no
Toyland	2008	1	1	no
La Maison en Petits Cubes	2008	1	1	no
No Country for Old Men	2007	4	8	yes
The Bourne Ultimatum	2007	3	3	no
There Will Be Blood	2007	2	8	no
La Vie en rose	2007	2	3	no
Atonement	2007	1	7	no
Michael Clayton	2007	1	7	no
Ratatouille	2007	1	5	no
Juno	2007	1	4	no
Sweeney Todd: The Demon Barber of Fleet Street	2007	1	3	no
The Golden Compass	2007	1	2	no
Elizabeth: The Golden Age	2007	1	2	no
Taxi to the Dark Side	2007	1	1	no
Peter & the Wolf	2007	1	1	no
Once	2007	1	1	no
Le Mozart des pickpockets	2007	1	1	no
The Counterfeiters (Die Fälscher)	2007	1	1	no
Freeheld	2007	1	1	no
The Departed	2006	4	5	yes
Pan's Labyrinth (El laberinto del fauno)	2006	3	6	no
Dreamgirls	2006	2	8	no
Little Miss Sunshine	2006	2	4	no
An Inconvenient Truth	2006	2	2	no
Babel	2006	1	7	no
The Queen	2006	1	6	no
Letters from Iwo Jima	2006	1	4	no
Pirates of the Caribbean: Dead Man's Chest	2006	1	4	no
The Danish Poet	2006	1	1	no
Happy Feet	2006	1	1	no
The Last King of Scotland	2006	1	1	no
The Lives of Others (Das Leben der Anderen)	2006	1	1	no
Marie Antoinette	2006	1	1	no
West Bank Story	2006	1	1	no
The Blood of Yingzhou District	2006	1	1	no
Crash	2005	3	6	yes
Brokeback Mountain	2005	3	8	no
Memoirs of a Geisha	2005	3	6	no
King Kong	2005	3	4	no
Capote	2005	1	5	no
Walk the Line	2005	1	5	no
The Constant Gardener	2005	1	4	no
The Chronicles of Narnia: The Lion, the Witch and the Wardrobe	2005	1	3	no
Hustle & Flow	2005	1	2	no
Syriana	2005	1	2	no
March of the Penguins (La Marche de l'empereur)	2005	1	1	no
Six Shooter	2005	1	1	no
The Moon and the Son: An Imagined Conversation	2005	1	1	no
A Note of Triumph: The Golden Age of Norman Corwin	2005	1	1	no
Tsotsi	2005	1	1	no
Wallace & Gromit: The Curse of the Were-Rabbit	2005	1	1	no
Million Dollar Baby	2004	4	7	yes
The Aviator	2004	5	11	no
Ray	2004	2	6	no
The Incredibles	2004	2	4	no
Finding Neverland	2004	1	7	no
Sideways	2004	1	5	no
Lemony Snicket's A Series of Unfortunate Events	2004	1	4	no
Spider-Man 2	2004	1	3	no
Eternal Sunshine of the Spotless Mind	2004	1	2	no
The Motorcycle Diaries	2004	1	2	no
The Sea Inside	2004	1	2	no
Born into Brothels	2004	1	1	no
Mighty Times: The Children's March	2004	1	1	no
Wasp	2004	1	1	no
Ryan	2004	1	1	no
The Lord of the Rings: The Return of the King	2003	11	11	yes
Master and Commander: The Far Side of the World	2003	2	10	no
Mystic River	2003	2	6	no
Cold Mountain	2003	1	7	no
Lost in Translation	2003	1	4	no
Finding Nemo	2003	1	4	no
The Barbarian Invasions	2003	1	2	no
Two Soldiers	2003	1	1	no
Monster	2003	1	1	no
Harvie Krumpet	2003	1	1	no
Chernobyl Heart	2003	1	1	no
The Fog of War	2002	1	1	no
Chicago	2002	6	13	yes
The Pianist	2002	3	7	no
The Lord of the Rings: The Two Towers	2002	2	6	no
Frida	2002	2	6	no
The Hours	2002	1	9	no
Road to Perdition	2002	1	6	no
Adaptation	2002	1	4	no
Talk to Her (Hable con ella)	2002	1	2	no
This Charming Man (Der Er En Yndig Mand)	2002	1	1	no
Spirited Away	2002	1	1	no
Nowhere in Africa (Nirgendwo in Afrika)	2002	1	1	no
The ChubbChubbs!	2002	1	1	no
Twin Towers	2002	1	1	no
Bowling for Columbine	2002	1	1	no
8 Mile	2002	1	1	no
A Beautiful Mind	2001	4	8	yes
The Lord of the Rings: The Fellowship of the Ring	2001	4	13	no
Moulin Rouge!	2001	2	8	no
Black Hawk Down	2001	2	4	no
Gosford Park	2001	1	7	no
Monsters, Inc.	2001	1	4	no
Pearl Harbor	2001	1	4	no
Iris	2001	1	3	no
Shrek	2001	1	2	no
Training Day	2001	1	2	no
Monster's Ball	2001	1	2	no
Thoth	2001	1	1	no
For the Birds	2001	1	1	no
No Man's Land	2001	1	1	no
Murder on a Sunday Morning (Un coupable idéal)	2001	1	1	no
The Accountant	2001	1	1	no
Gladiator	2000	5	12	yes
Crouching Tiger, Hidden Dragon	2000	4	10	no
Traffic	2000	4	5	no
Erin Brockovich	2000	1	5	no
Almost Famous	2000	1	4	no
Wonder Boys	2000	1	3	no
How the Grinch Stole Christmas	2000	1	3	no
U-571	2000	1	2	no
Pollock	2000	1	2	no
Father and Daughter	2000	1	1	no
Into the Arms of Strangers: Stories of the Kindertransport	2000	1	1	no
Quiero ser (I want to be...)	2000	1	1	no
Big Mama	2000	1	1	no
American Beauty	1999	5	8	yes
The Matrix	1999	4	4	no
The Cider House Rules	1999	2	7	no
Topsy-Turvy	1999	2	4	no
Sleepy Hollow	1999	1	3	no
Boys Don't Cry	1999	1	2	no
Tarzan	1999	1	1	no
One Day in September	1999	1	1	no
The Red Violin (Le violon rouge)	1999	1	1	no
The Old Man and the Sea	1999	1	1	no
My Mother Dreams the Satan's Disciples in New York	1999	1	1	no
King Gimp	1999	1	1	no
Girl, Interrupted	1999	1	1	no
All About My Mother (Todo sobre mi madre)	1999	1	1	no
Shakespeare in Love	1998	7	13	yes
Saving Private Ryan	1998	5	11	no
Life Is Beautiful (La vita è bella)	1998	3	7	no
Elizabeth	1998	1	7	no
Gods and Monsters	1998	1	3	no
The Prince of Egypt	1998	1	2	no
Affliction	1998	1	2	no
What Dreams May Come	1998	1	2	no
The Personals	1998	1	1	no
The Last Days	1998	1	1	no
Election Night (Valgaften)	1998	1	1	no
Bunny	1998	1	1	no
Titanic	1997	11	14	yes
Good Will Hunting	1997	2	9	no
L.A. Confidential	1997	2	9	no
As Good as It Gets	1997	2	7	no
The Full Monty	1997	1	4	no
Men in Black	1997	1	3	no
Visas and Virtue	1997	1	1	no
Character (Karakter)	1997	1	1	no
Geri's Game	1997	1	1	no
A Story of Healing	1997	1	1	no
The Long Way Home	1997	1	1	no
The English Patient	1996	9	12	yes
Fargo	1996	2	7	no
Shine	1996	1	7	no
Evita	1996	1	5	no
Jerry Maguire	1996	1	5	no
Independence Day	1996	1	2	no
Emma	1996	1	2	no
Sling Blade	1996	1	2	no
The Ghost and the Darkness	1996	1	1	no
Kolya	1996	1	1	no
The Nutty Professor	1996	1	1	no
Quest	1996	1	1	no
When We Were Kings	1996	1	1	no
Breathing Lessons: The Life and Work of Mark O'Brien	1996	1	1	no
Dear Diary	1996	1	1	no
Braveheart	1995	5	10	yes
Apollo 13	1995	2	9	no
Pocahontas	1995	2	2	no
The Usual Suspects	1995	2	2	no
Restoration	1995	2	2	no
Babe	1995	1	7	no
Sense and Sensibility	1995	1	7	no
Il Postino: The Postman	1995	1	5	no
Dead Man Walking	1995	1	4	no
Leaving Las Vegas	1995	1	4	no
Mighty Aphrodite	1995	1	2	no
Anne Frank Remembered	1995	1	1	no
A Close Shave	1995	1	1	no
Lieberman in Love	1995	1	1	no
One Survivor Remembers	1995	1	1	no
Antonia's Line (Antonia)	1995	1	1	no
Toy Story	1995	0 (1)	3	no
Forrest Gump	1994	6	13	yes
The Lion King	1994	2	4	no
Speed	1994	2	3	no
Ed Wood	1994	2	2	no
Pulp Fiction	1994	1	7	no
Bullets over Broadway	1994	1	7	no
The Madness of King George	1994	1	4	no
Legends of the Fall	1994	1	3	no
A Time for Justice	1994	1	1	no
Franz Kafka's It's a Wonderful Life	1994	1	1	no
Maya Lin: A Strong Clear Vision	1994	1	1	no
Burnt by the Sun (Utomlyonnye solntsem)	1994	1	1	no
Trevor	1994	1	1	no
The Adventures of Priscilla, Queen of the Desert	1994	1	1	no
Bob's Birthday	1994	1	1	no
Blue Sky	1994	1	1	no
Schindler's List	1993	7	12	yes
The Piano	1993	3	8	no
Jurassic Park	1993	3	3	no
Philadelphia	1993	2	5	no
The Fugitive	1993	1	7	no
The Age of Innocence	1993	1	5	no
The Wrong Trousers	1993	1	1	no
Belle Epoque (The Beautiful Era)	1993	1	1	no
I Am a Promise: The Children of Stanton Elementary School	1993	1	1	no
Mrs. Doubtfire	1993	1	1	no
Black Rider (Schwarzfahrer)	1993	1	1	no
Defending Our Lives	1993	1	1	no
Unforgiven	1992	4	9	yes
Howards End	1992	3	9	no
Bram Stoker's Dracula	1992	3	4	no
Aladdin	1992	2	5	no
The Crying Game	1992	1	6	no
Scent of a Woman	1992	1	4	no
A River Runs Through It	1992	1	3	no
Indochine	1992	1	2	no
My Cousin Vinny	1992	1	1	no
The Panama Deception	1992	1	1	no
Educating Peter	1992	1	1	no
The Last of the Mohicans	1992	1	1	no
Death Becomes Her	1992	1	1	no
Omnibus	1992	1	1	no
Mona Lisa Descending a Staircase	1992	1	1	no
The Silence of the Lambs	1991	5	7	yes
Terminator 2: Judgment Day	1991	4	6	no
Bugsy	1991	2	10	no
JFK	1991	2	8	no
Beauty and the Beast	1991	2	6	no
Thelma & Louise	1991	1	6	no
The Fisher King	1991	1	5	no
In the Shadow of the Stars	1991	1	1	no
Manipulation	1991	1	1	no
Mediterraneo	1991	1	1	no
Session Man	1991	1	1	no
City Slickers	1991	1	1	no
Deadly Deception: General Electric, Nuclear Weapons and Our Environment	1991	1	1	no
Dances with Wolves	1990	7	12	yes
Dick Tracy	1990	3	7	no
Ghost	1990	2	5	no
Goodfellas	1990	1	6	no
The Hunt for Red October	1990	1	3	no
Reversal of Fortune	1990	1	3	no
Cyrano de Bergerac	1990	1	5	no
American Dream	1990	1	1	no
Journey of Hope (Reise der Hoffnung)	1990	1	1	no
Days of Waiting	1990	1	1	no
Creature Comforts	1990	1	1	no
The Lunch Date	1990	1	1	no
Misery	1990	1	1	no
Total Recall	1990	0 (1)	2	no
Driving Miss Daisy	1989	4	9	yes
Glory	1989	3	5	no
Born on the Fourth of July	1989	2	8	no
My Left Foot	1989	2	5	no
The Little Mermaid	1989	2	3	no
Dead Poets Society	1989	1	4	no
The Abyss	1989	1	4	no
Indiana Jones and the Last Crusade	1989	1	3	no
Henry V	1989	1	3	no
The Johnstown Flood	1989	1	1	no
Common Threads: Stories from the Quilt	1989	1	1	no
Cinema Paradiso	1989	1	1	no
Work Experience	1989	1	1	no
Batman	1989	1	1	no
Balance	1989	1	1	no
Rain Man	1988	4	8	yes
Dangerous Liaisons	1988	3	7	no
Who Framed Roger Rabbit	1988	3 (1)	6	no
Mississippi Burning	1988	1	7	no
Working Girl	1988	1	6	no
The Accidental Tourist	1988	1	4	no
A Fish Called Wanda	1988	1	3	no
Pelle the Conqueror (Pelle erobreren)	1988	1	2	no
The Accused	1988	1	1	no
The Appointments of Dennis Jennings	1988	1	1	no
Beetlejuice	1988	1	1	no
Bird	1988	1	1	no
Hôtel Terminus: The Life and Times of Klaus Barbie	1988	1	1	no
The Milagro Beanfield War	1988	1	1	no
Tin Toy	1988	1	1	no
You Don't Have to Die	1988	1	1	no
The Last Emperor	1987	9	9	yes
Moonstruck	1987	3	6	no
The Untouchables	1987	1	4	no
Babette's Feast (Babettes gæstebud)	1987	1	1	no
Dirty Dancing	1987	1	1	no
Harry and the Hendersons	1987	1	1	no
Innerspace	1987	1	1	no
The Man Who Planted Trees (L' Homme qui plantait des arbres)	1987	1	1	no
Ray's Male Heterosexual Dance Hall	1987	1	1	no
The Ten-Year Lunch	1987	1	1	no
Wall Street	1987	1	1	no
Young at Heart	1987	1	1	no
RoboCop	1987	0 (1)	2	no
Platoon	1986	4	8	yes
A Room with a View	1986	3	8	no
Hannah and Her Sisters	1986	3	7	no
Aliens	1986	2	7	no
The Mission	1986	1	7	no
Children of a Lesser God	1986	1	5	no
The Color of Money	1986	1	4	no
Top Gun	1986	1	4	no
Round Midnight	1986	1	2	no
Artie Shaw: Time Is All You've Got	1986	1	1	no
The Assault (De Aanslag)	1986	1	1	no
Down and Out in America	1986	1	1	no
The Fly	1986	1	1	no
A Greek Tragedy	1986	1	1	no
Precious Images	1986	1	1	no
Women – for America, for the World	1986	1	1	no
Out of Africa	1985	7	11	yes
Witness	1985	2	8	no
Cocoon	1985	2	2	no
Prizzi's Honor	1985	1	8	no
Back to the Future	1985	1	4	no
Kiss of the Spider Woman	1985	1	4	no
Ran	1985	1	4	no
The Official Story (La Historia Oficial)	1985	1	2	no
The Trip to Bountiful	1985	1	2	no
White Nights	1985	1	2	no
Anna & Bella	1985	1	1	no
Broken Rainbow	1985	1	1	no
Mask	1985	1	1	no
Molly's Pilgrim	1985	1	1	no
Witness to War: Dr. Charlie Clements	1985	1	1	no
Amadeus	1984	8	11	yes
The Killing Fields	1984	3	7	no
A Passage to India	1984	2	11	no
Places in the Heart	1984	2	7	no
Indiana Jones and the Temple of Doom	1984	1	2	no
Charade	1984	1	1	no
Dangerous Moves (La Diagonale du fou)	1984	1	1	no
Purple Rain	1984	1	1	no
The Stone Carvers	1984	1	1	no
The Times of Harvey Milk	1984	1	1	no
Up	1984	1	1	no
The Woman in Red	1984	1	1	no
The River	1984	0 (1)	4	no
Terms of Endearment	1983	5	11	yes
The Right Stuff	1983	4	8	no
Fanny & Alexander (Fanny och Alexander)	1983	4	6	no
Tender Mercies	1983	2	5	no
Yentl	1983	1	5	no
Flashdance	1983	1	4	no
Boys and Girls	1983	1	1	no
Flamenco at 5:15	1983	1	1	no
He Makes Me Feel Like Dancin'	1983	1	1	no
Sundae in New York	1983	1	1	no
The Year of Living Dangerously	1983	1	1	no
Return of the Jedi	1983	0 (1)	4	no
Gandhi	1982	8	11	yes
E.T.: The Extra-Terrestrial	1982	4	9	no
An Officer and a Gentleman	1982	2	6	no
Tootsie	1982	1	10	no
Victor/Victoria	1982	1	7	no
Sophie's Choice	1982	1	5	no
Missing	1982	1	4	no
If You Love This Planet	1982	1	1	no
Just Another Missing Kid	1982	1	1[2]	no
A Shocking Accident	1982	1	1	no
Tango	1982	1	1	no
To Begin Again (Volver a empezar)	1982	1	1	no
Quest for Fire	1982	1	1	no
Chariots of Fire	1981	4	7	yes
Raiders of the Lost Ark	1981	4 (1)	8	no
Reds	1981	3	12	no
On Golden Pond	1981	3	10	no
Arthur	1981	2	4	no
An American Werewolf in London	1981	1	1	no
Close Harmony	1981	1	1	no
Crac	1981	1	1	no
Genocide	1981	1	1	no
Mephisto	1981	1	1	no
Violet	1981	1	1	no
Ordinary People	1980	4	6	yes
Tess	1980	3	6	no
Raging Bull	1980	2	8	no
Fame	1980	2	6	no
Melvin and Howard	1980	2	3	no
Coal Miner's Daughter	1980	1	7	no
The Empire Strikes Back	1980	1 (1)	3	no
The Dollar Bottom	1980	1	1	no
The Fly (A Légy)	1980	1	1	no
From Mao to Mozart: Isaac Stern in China	1980	1	1	no
Karl Hess: Toward Liberty	1980	1	1	no
Moscow Does Not Believe in Tears	1980	1	1	no
Kramer vs. Kramer	1979	5	9	yes
All That Jazz	1979	4	9	no
Apocalypse Now	1979	2	8	no
Norma Rae	1979	2	4	no
Breaking Away	1979	1	5	no
Alien	1979	1	2	no
Being There	1979	1	2	no
A Little Romance	1979	1	2	no
Best Boy	1979	1	1	no
Board and Care	1979	1	1	no
Every Child	1979	1	1	no
Paul Robeson: Tribute to an Artist	1979	1	1	no
The Tin Drum (Die Blechtrommel)	1979	1	1	no
The Black Stallion	1979	0 (1)	2	no
The Deer Hunter	1978	5	9	yes
Coming Home	1978	3	8	no
Midnight Express	1978	2	6	no
Heaven Can Wait	1978	1	9	no
Days of Heaven	1978	1	4	no
California Suite	1978	1	3	no
The Buddy Holly Story	1978	1	3	no
Death on the Nile	1978	1	1	no
The Flight of the Gossamer Condor	1978	1	1	no
Get Out Your Handkerchiefs (Préparez vos mouchoirs)	1978	1	1	no
Scared Straight!	1978	1	1	no
Special Delivery	1978	1	1	no
Teenage Father	1978	1	1	no
Thank God It's Friday	1978	1	1	no
Superman	1978	0 (1)	3	no
Annie Hall	1977	4	5	yes
Star Wars	1977	6 (1)	10	no
Julia	1977	3	11	no
Close Encounters of the Third Kind	1977	1 (1)	8	no
The Goodbye Girl	1977	1	5	no
A Little Night Music	1977	1	2	no
Gravity Is My Enemy	1977	1	1	no
I'll Find a Way	1977	1	1	no
Madame Rosa (La Vie devant soi)	1977	1	1	no
The Sand Castle (Le Château de sable)	1977	1	1	no
Who Are the DeBolts? And Where Did They Get Nineteen Kids?	1977	1	1	no
You Light Up My Life	1977	1	1	no
Rocky	1976	3	10	yes
Network	1976	4	10	no
All the President's Men	1976	4	8	no
Bound for Glory	1976	2	6	no
A Star Is Born	1976	1	4	no
Fellini's Casanova (Il Casanova di Federico Fellini)	1976	1	2	no
The Omen	1976	1	2	no
Black and White in Color (Noirs et blancs en couleur)	1976	1	1	no
Harlan County, USA	1976	1	1	no
In the Region of Ice	1976	1	1	no
Leisure	1976	1	1	no
Number Our Days	1976	1	1	no
King Kong	1976	0 (1)	2	no
Logan's Run	1976	0 (1)	2	no
One Flew over the Cuckoo's Nest	1975	5	9	yes
Barry Lyndon	1975	4	7	no
Jaws	1975	3	4	no
Dog Day Afternoon	1975	1	6	no
Nashville	1975	1	5	no
Shampoo	1975	1	4	no
The Sunshine Boys	1975	1	4	no
Angel and Big Joe	1975	1	1	no
Dersu Uzala	1975	1	1	no
The End of the Game	1975	1	1	no
Great (Great (Isambard Kingdom Brunel))	1975	1	1	no
The Man Who Skied Down Everest	1975	1	1	no
The Hindenburg	1975	0 (2)	3	no
The Godfather Part II	1974	6	11	yes
The Towering Inferno	1974	3	8	no
The Great Gatsby	1974	2	2	no
Chinatown	1974	1	11	no
Murder on the Orient Express	1974	1	6	no
Earthquake	1974	1 (1)	4	no
Alice Doesn't Live Here Anymore	1974	1	3	no
Amarcord	1974	1	3[3]	no
Harry and Tonto	1974	1	2	no
Closed Mondays	1974	1	1	no
Don't	1974	1	1	no
Hearts and Minds	1974	1	1	no
One-Eyed Men Are Kings (...borgnes sont rois, Les)	1974	1	1	no
The Sting	1973	7	10	yes
The Exorcist	1973	2	10	no
The Way We Were	1973	2	6	no
Cries and Whispers (Viskningar och rop)	1973	1	5	no
A Touch of Class	1973	1	5	no
Day for Night (La Nuit américaine)	1973	1	4	no
Paper Moon	1973	1	4	no
The Paper Chase	1973	1	3	no
Save the Tiger	1973	1	3	no
The Bolero	1973	1	1	no
Frank Film	1973	1	1	no
The Great American Cowboy	1973	1	1	no
Princeton: A Search for Answers	1973	1	1	no
The Godfather	1972	3	10[4]	yes
Cabaret	1972	8	10	no
The Poseidon Adventure	1972	1 (1)	8	no
Travels with My Aunt	1972	1	4	no
Butterflies Are Free	1972	1	3	no
The Candidate	1972	1	2	no
The Discreet Charm of the Bourgeoisie (Le charme discret de la bourgeoisie)	1972	1	2	no
A Christmas Carol	1972	1	1[5]	no
Limelight	1972	1	1[6]	no
Marjoe	1972	1	1	no
Norman Rockwell's World... An American Dream	1972	1	1	no
This Tiny World	1972	1	1	no
The French Connection	1971	5	8	yes
Fiddler on the Roof	1971	3	8	no
The Last Picture Show	1971	2	8	no
Nicholas and Alexandra	1971	2	6	no
Sentinels of Silence	1971	2	2	no
Bedknobs and Broomsticks	1971	1	5	no
Summer of '42	1971	1	4	no
The Garden of the Finzi-Continis (Il Giardino dei Finzi-Contini)	1971	1	2	no
The Hospital	1971	1	2	no
Klute	1971	1	2	no
Shaft	1971	1	2	no
The Crunch Bird	1971	1	1	no
The Hellstrom Chronicle	1971	1	1	no
Patton	1970	7	10	yes
Ryan's Daughter	1970	2	4	no
Airport	1970	1	10	no
Love Story	1970	1	7	no
M*A*S*H	1970	1	5	no
Tora! Tora! Tora!	1970	1	5	no
Women in Love	1970	1	4	no
Lovers and Other Strangers	1970	1	3	no
Woodstock	1970	1	3	no
Cromwell	1970	1	2	no
Investigation of a Citizen Above Suspicion (Indagine su un cittadino al di sopra di ogni sospetto)	1970	1	2	no
Interviews with My Lai Veterans	1970	1	1	no
Is It Always Right to Be Right?	1970	1	1	no
Let It Be	1970	1	1	no
The Resurrection of Broncho Billy	1970	1	1	no
Midnight Cowboy	1969	3	7	yes
Butch Cassidy and the Sundance Kid	1969	4	7	no
Hello, Dolly!	1969	3	7	no
Z	1969	2	5	no
Anne of the Thousand Days	1969	1	10	no
They Shoot Horses, Don't They?	1969	1	9	no
Marooned	1969	1	3	no
The Magic Machines	1969	1	2	no
The Prime of Miss Jean Brodie	1969	1	2	no
True Grit	1969	1	2	no
Arthur Rubinstein – The Love of Life (L'amour de la vie - Artur Rubinstein)	1969	1	1	no
Cactus Flower	1969	1	1	no
Czechoslovakia 1968	1969	1	1	no
It's Tough to Be a Bird	1969	1	1	no
Oliver!	1968	5 (1)	11	yes
The Lion in Winter	1968	3	7	no
Romeo and Juliet	1968	2	4	no
Funny Girl	1968	1	8	no
2001: A Space Odyssey	1968	1	4	no
Bullitt	1968	1	2	no
The Producers	1967	1	2	no
Rosemary's Baby	1968	1	2	no
The Subject Was Roses	1968	1	2	no
The Thomas Crown Affair	1968	1	2	no
War and Peace (Voyna i mir)	1968	1	2	no
Charly	1968	1	1	no
Journey into Self	1968	1	1	no
Robert Kennedy Remembered	1968	1	1	no
Why Man Creates	1968	1	1	no
Winnie the Pooh and the Blustery Day	1968	1	1	no
Planet of the Apes	1968	0 (1)	2	no
In the Heat of the Night	1967	5	7	yes
Camelot	1967	3	5	no
Bonnie and Clyde	1967	2	10	no
Guess Who's Coming to Dinner	1967	2	10	no
Doctor Dolittle	1967	2	9	no
The Graduate	1967	1	7	no
Thoroughly Modern Millie	1967	1	7	no
Cool Hand Luke	1967	1	4	no
The Dirty Dozen	1967	1	4	no
A Place to Stand	1967	1	2	no
The Anderson Platoon (La Section Anderson)	1967	1	1	no
The Box	1967	1	1	no
Closely Watched Trains (Ostre sledované vlaky)	1967	1	1	no
The Redwoods	1967	1	1	no
A Man for All Seasons	1966	6	8	yes
Who's Afraid of Virginia Woolf?	1966	5	13	no
Grand Prix	1966	3	3	no
Fantastic Voyage	1966	2	5	no
A Man and a Woman	1966	2	4	no
Born Free	1966	2	2	no
The Fortune Cookie	1966	1	4	no
A Funny Thing Happened on the Way to the Forum	1966	1	1	no
A Herb Alpert and the Tijuana Brass Double Feature	1966	1	1	no
The War Game	1966	1	1	no
Wild Wings	1966	1	1	no
A Year Toward Tomorrow	1966	1	1	no
The Sound of Music	1965	5	10	yes
Cat Ballou	1965	1	5	no
Darling	1965	3	5	no
A Thousand Clowns	1965	1	4	no
A Patch of Blue	1965	1	5	no
Doctor Zhivago	1965	5	10	no
The Shop on Main Street (Obchod na korze)	1965	1	2	no
The Sandpiper	1965	1	1	no
The Eleanor Roosevelt Story	1965	1	1	no
To Be Alive!	1965	1	1	no
7th Heaven	1927/28	3	5	no
20,000 Leagues Under the Sea	1954	2	3	no
Adventures of Don Juan	1949	1	2	no
The Adventures of Robin Hood	1938	3	4	no
The African Queen	1951	1	4	no
Air Force	1943	1	4	no
The Alamo	1960	1	7	no
The Alaskan Eskimo	1953	1	1	no
Albert Schweitzer	1957	1	1	no
Alexander's Ragtime Band	1938	1	6	no
All About Eve	1950	6	14	yes
All Quiet on the Western Front	1929/30	2	4	yes
The Devil and Daniel Webster	1941	1	2	no
All the King's Men	1949	3	7	yes
Ama Girls	1958	1	1	no
America America	1963	1	4	no
An American in Paris	1951	6	8	yes
Amphibious Fighters	1943	1	1	no
Anastasia	1956	1	2	no
Anchors Aweigh	1945	1	5	no
Anna and the King of Siam	1946	2	5	no
Annie Get Your Gun	1950	1	4	no
Anthony Adverse	1936	4	7	no
The Apartment	1960	5	10	yes
Aquatic House Party	1949	1	1	no
Arise, My Love	1940	1	4	no
Around the World in 80 Days	1956	5	8	yes
The Awful Truth	1937	1	6	no
The Bachelor and the Bobby-Soxer	1947	1	1	no
The Bad and the Beautiful	1952	5	6	no
Bad Girl	1931/32	2	3	no
The Barefoot Contessa	1954	1	2	no
The Battle of Midway	1942	1	1	no
Battleground	1949	2	6	no
Bear Country	1953	1	1	no
Becket	1964	1	12	no
The Bells of St. Mary's	1945	1	8	no
Ben-Hur	1959	11	12	yes
Benjy	1951	1	1	no
The Bespoke Overcoat	1956	1	1	no
The Best Years of Our Lives	1946	7 (1)	8	yes
Beyond the Line of Duty	1942	1	1	no
Bicycle Thieves	1949	0 (1)	1	no
The Big Broadcast of 1938	1938	1	1	no
The Big Country	1958	1	2	no
The Big House	1929/30	2	4	no
Bill and Coo	1948	0 (1)	0	no
Birds Anonymous	1957	1	1	no
The Bishop's Wife	1947	1	5	no
Black Fox: The Rise and Fall of Adolf Hitler (The Black Fox)	1962	1	1	no
Black Narcissus	1947	2	2	no
Black Orpheus (Orfeu Negro)	1959	1	1	no
The Black Swan	1942	1	3	no
Blithe Spirit	1946	1	1	no
Blood and Sand	1941	1	2	no
Blood on the Sun	1945	1	1	no
Blossoms in the Dust	1941	1	4	no
Body and Soul	1947	1	3	no
Bored of Education	1936	1	1	no
Born Yesterday	1950	1	5	no
A Boy and His Dog	1946	1	1	no
Boys Town	1938	2	5	no
The Brave One	1956	1	3	no
Breakfast at Tiffany's	1961	2	5	no
Breaking the Sound Barrier	1952	1	2	no
Ship of Fools	1965	2	8	no
The Bridge on the River Kwai	1957	7	8	yes
The Bridges at Toko-Ri	1955	1	2	no
Broadway Melody of 1936	1935	1	3	no
The Broadway Melody	1928/29	1	3	yes
Broken Lance	1954	1	2	no
Busy Little Bears	1939	1	1	no
BUtterfield 8	1960	1	2	no
Calamity Jane	1953	1	3	no
Call Me Madam	1953	1	2	no
Captain Carey, U.S.A.	1950	1	1	no
Captains Courageous	1937	1	4	no
Casablanca	1943	3	8	yes
Casals Conducts: 1964	1964	1	1	no
The Cat Concerto	1946	1	1	no
Cavalcade	1932/33	3	4	yes
Chagall	1963	1	1	no
The Champ	1931/32	2	4	no
Champion	1949	1	6	no
A Chance to Live	1949	1	1	no
The Charge of the Light Brigade	1936	1	3	no
The Chicken (Le Poulet)	1965	1	1	no
Churchill's Island	1941	1	1	no
Cimarron	1930/31	3	7	yes
The Circus	1927/28	0 (1)	0	no
Citizen Kane	1941	1	9	no
City of Wax	1934	1	1	no
Cleopatra	1934	1	5	no
Cleopatra	1963	4	9	no
Climbing the Matterhorn	1947	1	1	no
Come and Get It	1936	1	2	no
Come Back, Little Sheba	1952	1	3	no
Coquette	1928/29	1	1	no
The Country Cousin	1936	1	1	no
The Country Girl	1954	2	7	no
Cover Girl	1944	1	5	no
The Cowboy and the Lady	1938	1	3	no
Crash Dive	1943	1	1	no
Crashing the Water Barrier	1956	1	1	no
The Critic	1963	1	1	no
La Cucaracha	1934	1	1	no
Cyrano de Bergerac	1950	1	1	no
A Damsel in Distress	1937	1	2	no
Dangerous	1935	1	1	no
The Dark Angel	1935	1	3	no
The Dawn Patrol	1930/31	1	1	no
Day of the Painter	1960	1	1	no
Daybreak in Udi	1949	1	1	no
Days of Wine and Roses	1962	1	5	no
December 7th	1943	1	1	no
Declaration of Independence	1938	1	1	no
The Defiant Ones	1958	2	9	no
Der Fuehrer's Face	1942	1	1	no
Desert Victory	1943	1	1	no
Design for Death	1947	1	1	no
Designing Woman	1957	1	1	no
Destination Moon	1950	1	2	no
The Diary of Anne Frank	1959	3	8	no
Disraeli	1929/30	1	3	no
The Divine Lady	1928/29	1	3	no
Divorce Italian Style	1962	1	3	no
The Divorcee	1929/30	1	4	no
Dodsworth	1936	1	7	no
The Dot and the Line (The Dot and the Line: A Romance in Lower Mathematics)	1965	1	1	no
A Double Life	1947	2	4	no
The Dove	1927/28	1	1	no
Dr. Jekyll and Mr. Hyde	1931/32	1	3	no
Dumbo	1941	1	2	no
Dylan Thomas	1962	1	1	no
East of Eden	1955	1	4	no
Easter Parade	1948	1	1	no
Elmer Gantry	1960	3	5	no
The Enemy Below	1957	1	1	no
Eskimo	1934	1	1	no
Exodus	1960	1	3	no
The Face of Lincoln	1955	1	2	no
Facing Your Danger	1946	1	1	no
The Facts of Life	1960	1	5	no
Fantasia	1940	0 (2)	0	no
A Farewell to Arms	1932/33	2	4	no
The Farmer's Daughter	1947	1	2	no
Father Goose	1964	1	3	no
Federico Fellini's 8½	1963	2	5	no
Ferdinand the Bull	1938	1	1	no
The Fighting Lady	1944	1	1	no
First Steps	1947	1	1	no
Flowers and Trees	1931/32	1	1	no
Folies Bergere	1935	1	1	no
For Scent-imental Reasons	1949	1	1	no
For Whom the Bell Tolls	1943	1	9	no
Forbidden Games	1952	0 (1)	1	no
A Force in Readiness	1961	0 (1)	0	no
A Free Soul	1930/31	1	3	no
Frenchman's Creek	1945	1	1	no
From Here to Eternity	1953	8	13	yes
The Garden of Allah	1936	0 (1)	2	no
Gaslight	1944	2	7	no
Gate of Hell (Jigokumon)	1954	1 (1)	1	no
The Gay Divorcee	1934	1	5	no
Gentleman's Agreement	1947	3	8	yes
Gerald McBoing-Boing	1950	1	1	no
Giant	1956	1	10	no
Gigi	1958	9	9	yes
Giuseppina	1960	1	1	no
Give Me Liberty	1936	1	1	no
Glass (Glas)	1959	1	1	no
The Glenn Miller Story	1954	1	3	no
Going My Way	1944	7	10	yes
Gold Diggers of 1935	1935	1	2	no
The Golden Fish (Histoire d'un poisson rouge)	1959	1	1	no
Goldfinger	1964	1	1	no
Gone with the Wind	1939	8 (2)	13	yes
The Good Earth	1937	2	5	no
Goodbye, Miss Turlock	1947	1	1	no
Goodbye, Mr. Chips	1939	1	7	no
Grand Canyon	1958	1	1	no
Grand Hotel	1931/32	1	1	yes
Grandad of Races	1950	1	1	no
The Grapes of Wrath	1940	2	7	no
The Great Caruso	1951	1	3	no
Great Expectations	1947	2	5	no
The Great Lie	1941	1	1	no
The Great McGinty	1940	1	1	no
The Great Race	1965	1	5	no
The Great Waltz	1938	1	3	no
The Great Ziegfeld	1936	3	7	yes
The Greatest Show on Earth	1952	2	5	yes
Green Dolphin Street	1947	1	4	no
The Guns of Navarone	1961	1	7	no
Hamlet	1948	4	7	yes
Happy Anniversary (Heureux Anniversaire)	1962	1	1	no
Harvey	1950	1	2	no
The Harvey Girls	1946	1	2	no
Heavenly Music	1943	1	1	no
The Heiress	1949	4	8	no
Helen Keller in Her Story (The Unconquered)	1955	1	1	no
Hello, Frisco, Hello	1943	1	2	no
Henry V	1946	0 (1)	4	no
Here Comes Mr. Jordan	1941	2	7	no
Here Comes the Groom	1951	1	2	no
The High and the Mighty	1954	1	6	no
High Noon	1952	4	7	no
Hitler Lives	1945	1	1	no
A Hole in the Head	1959	1	1	no
The Hole	1962	1	1	no
Holiday Inn	1942	1	3	no
The Horse with the Flying Tail	1960	1	1	no
The House I Live In	1945	0 (1)	0	no
The House on 92nd Street	1945	1	1	no
How Green Was My Valley	1941	5	10	yes
How the West Was Won	1963	3	8	no
How to Sleep	1935	1	1	no
Hud	1963	3	7	no
The Human Comedy	1943	1	5	no
The Hurricane	1937	1	3	no
The Hustler	1961	2	9	no
I Want to Live!	1958	1	6	no
I Wanted Wings	1941	1	1	no
I Won't Play	1944	1	1	no
I'll Cry Tomorrow	1955	1	4	no
In Beaver Valley	1950	1	1	no
In Old Arizona	1928/29	1	5	no
In Old Chicago	1937	2	6	no
In Which We Serve	1942	0 (1)	2	no
The Informer	1935	4	6	no
Interrupted Melody	1955	1	3	no
The Invaders	1942	1	3	no
Irma la Douce	1963	1	3	no
It Happened One Night	1934	5	5	yes
It's a Mad, Mad, Mad, Mad World	1963	1	6	no
The Jazz Singer	1927/28	0 (1)	1	no
Jezebel	1938	2	5	no
Joan of Arc	1948	2 (1)	7	no
Johann Mouse	1952	1	1	no
Johnny Belinda	1948	1	12	no
Johnny Eager	1942	1	1	no
The Joker Is Wild	1957	1	1	no
The Jolson Story	1946	2	6	no
Judgment at Nuremberg	1961	2	11	no
Julius Caesar	1953	1	5	no
Kentucky	1938	1	1	no
Key Largo	1948	1	1	no
The King and I	1956	5	9	no
King of Jazz	1929/30	1	1	no
King Solomon's Mines	1950	2	3	no
Kitty Foyle (Kitty Foyle: The Natural History of a Woman)	1940	1	5	no
Knighty Knight Bugs	1958	1	1	no
Kokoda Front Line!	1942	1	1	no
Kon-Tiki	1950	1	1	no
Krakatoa	1932/33	1	1	no
Kukan	1941	0 (1)	0	no
La Strada (The Road)	1956	1	2	no
La Dolce Vita	1961	1	4	no
Lady Be Good	1941	1	1	no
The Last Command	1927/28	1	2	no
Laura	1944	1	5	no
The Lavender Hill Mob	1952	1	2	no
Lawrence of Arabia	1962	7	10	yes
Leave Her to Heaven	1945	1	4	no
Lend a Paw	1941	1	1	no
Les Girls	1957	1	3	no
A Letter to Three Wives	1949	2	3	no
The Life of Emile Zola	1937	3	10	yes
Light in the Window	1952	1	1	no
Lili	1953	1	6	no
Lilies of the Field	1963	1	5	no
The Little Kidnappers (The Kidnappers)	1954	0 (2)	0	no
The Little Orphan	1948	1	1	no
Little Women	1932/33	1	3	no
Little Women	1949	1	2	no
The Lives of a Bengal Lancer	1935	1	7	no
The Living Desert	1953	1	1	no
The Longest Day	1962	2	5	no
Lost Horizon	1937	2	7	no
The Lost Weekend	1945	4	7	yes
Love Is a Many-Splendored Thing	1955	3	8	no
Love Me or Leave Me	1955	1	6	no
Lust for Life	1956	1	4	no
Magoo's Puddle Jumper	1956	1	1	no
Main Street on the March!	1941	1	1	no
The Man Who Knew Too Much	1956	1	1	no
Manhattan Melodrama	1934	1	1	no
Marie-Louise	1945	1	1	no
Marty	1955	4	8	yes
Mary Poppins	1964	5	13	no
Men Against the Arctic	1955	1	1	no
The Merry Widow	1934	1	1	no
A Midsummer Night's Dream	1935	2	4[7]	no
Mighty Joe Young	1949	1	1	no
Mildred Pierce	1945	1	6	no
The Milky Way	1940	1	1	no
Min and Bill	1930/31	1	1	no
Miracle on 34th Street	1947	3	4	no
The Miracle Worker	1962	2	5	no
Mister Roberts	1955	1	3	no
Monsieur Vincent	1948	0 (1)	0	no
Moonbird	1959	1	1	no
The More the Merrier	1943	1	6	no
Morning Glory	1932/33	1	1	no
Moscow Strikes Back	1942	1	1	no
Mother Wore Tights	1947	1	3	no
Moulin Rouge	1952	2	7	no
Mouse Trouble	1944	1	1	no
Mr. Deeds Goes to Town	1936	1	5	no
Mr. Smith Goes to Washington	1939	1	11	no
Mrs. Miniver	1942	6	12	yes
Munro	1960	1	1	no
The Music Box	1931/32	1	1	no
The Music Man	1962	1	6	no
Mutiny on the Bounty	1935	1	8	yes
My Fair Lady	1964	8	12	yes
My Uncle (Mon oncle)	1958	1	1	no
The Naked City	1948	2	3	no
National Velvet	1945	2	5	no
Nature's Half Acre	1951	1	1	no
Naughty Marietta	1935	1	2	no
Neighbours	1952	1	2	no
Neptune's Daughter	1949	1	1	no
Never on Sunday (Pote tin Kyriaki)	1960	1	5	no
The Night of the Iguana	1964	1	4	no
Nights of Cabiria (Le Notti di Cabiria)	1957	1	1	no
Nine from Little Rock	1964	1	1	no
None But the Lonely Heart	1944	1	4	no
North West Mounted Police	1940	1	5	no
Now, Voyager	1942	1	3	no
An Occurrence at Owl Creek Bridge	1963	1	1[8]	no
Of Pups and Puzzles	1941	1	1	no
Oklahoma!	1955	2	4	no
The Old Man and the Sea	1958	1	3	no
The Old Mill	1937	1	1	no
On the Town	1949	1	1	no
On the Waterfront	1954	8	12	yes
One Hundred Men and a Girl	1937	1	5	no
One Night of Love	1934	2	6	no
One Way Passage	1932/33	1	1	no
Overture to The Merry Wives of Windsor	1953	1	1	no
The Paleface	1948	1	1	no
Panic in the Streets	1950	1	1	no
Papa's Delicate Condition	1963	1	1	no
The Patriot	1928/29	1	5	no
Penny Wisdom	1937	1	1	no
Phantom of the Opera	1943	2	4	no
The Philadelphia Story	1940	2	6	no
Picnic	1955	2	6	no
The Picture of Dorian Gray	1945	1	3	no
Pillow Talk	1959	1	5	no
The Pink Phink	1964	1	1	no
Pinocchio	1940	2	2	no
A Place in the Sun	1951	6	9	no
Plymouth Adventure	1952	1	1	no
Pollyanna	1960	0 (1)	0	no
Porgy and Bess	1959	1	4	no
Portrait of Jennie	1948	1	2	no
Prelude to War	1942	1	1	no
Pride and Prejudice	1940	1	1	no
The Pride of the Yankees	1942	1	11	no
Princess O'Rourke	1943	1	1	no
The Private Life of Henry VIII	1932/33	1	2	no
The Private Life of the Gannets	1937	1	1	no
Project Hope	1961	1	1	no
The Public Pays	1936	1	1	no
Pygmalion	1938	1	4	no
Quicker'n a Wink	1940	1	1	no
The Quiet Man	1952	2	7	no
Quiet Please!	1945	1	1	no
The Rains Came	1939	1	6[9]	no
Rashomon	1951	0 (1)	1	no
The Razor's Edge	1946	1	4	no
Reap the Wild Wind	1942	1	3	no
Rebecca	1940	2	11	yes
The Red Balloon (Le ballon rouge)	1956	1	1	no
The Red Shoes	1948	2	5	no
The Robe	1953	2	5	no
Robert Frost: A Lover's Quarrel with the World	1963	1	1	no
Roman Holiday	1953	3	10	no
Room at the Top	1959	2	6	no
The Rose Tattoo	1955	3	8	no
Sabrina	1954	1	6	no
Samson and Delilah	1950	2	5	no
Samurai I: Musashi Miyamoto (Miyamoto Musashi)	1955	0 (1)	0	no
San Francisco	1936	1	6	no
Sayonara	1957	4	10	no
The Scoundrel	1935	1	1	no
The Sea Around Us	1952	1	1	no
Seal Island	1948	1	1	no
The Search	1948	1 (1)	4	no
Seawards the Great Ships	1961	1	1	no
The Secret Land	1948	1	1	no
Seeds of Destiny	1946	1	1	no
Separate Tables	1958	2	7	no
Serengeti Shall Not Die (Serengeti darf nicht sterben)	1959	1	1	no
Sergeant York	1941	2	11	no
Seven Brides for Seven Brothers	1954	1	5	no
Seven Days to Noon	1951	1	1	no
The Seventh Veil	1946	1	1	no
Shane	1953	1	6	no
Shanghai Express	1931/32	1	3	no
She Wore a Yellow Ribbon	1949	1	1	no
Shoeshine (Sciuscià)	1947	0 (1)	1	no
The Silent World (Le Monde du silence)	1956	1	1	no
The Sin of Madelon Claudet	1931/32	1	1	no
Since You Went Away	1944	1	9	no
Skippy	1930/31	1	4	no
Sky Above and Mud Beneath (Le Ciel et la boue)	1961	1	1	no
The Snake Pit	1948	1	6	no
Snow White and the Seven Dwarfs	1937	0 (1)	1	no
So Much for So Little	1949	1	1	no
So This Is Harris!	1932/33	1	1	no
The Solid Gold Cadillac	1956	1	2	no
Some Like It Hot	1959	1	6	no
Somebody Up There Likes Me	1956	2	3	no
The Song of Bernadette	1943	4	12	no
Song of the South	1947	1 (1)	2	no
Song Without End	1960	1	1	no
Sons and Lovers	1960	1	7	no
Sons of Liberty	1939	1	1	no
South Pacific	1958	1	3	no
Spartacus	1960	4	6	no
Spawn of the North	1938	0 (1)	0	no
Speaking of Animals and Their Families	1942	1	1	no
Speedy Gonzales	1955	1	1	no
Spellbound	1945	1	6	no
Splendor in the Grass	1961	1	2	no
Stagecoach	1939	2	7	no
Stairway to Light	1945	1	1	no
Stalag 17	1953	1	3	no
Star in the Night	1945	1	1	no
A Star Is Born	1937	1 (1)	7	no
State Fair	1945	1	2	no
The Story of Louis Pasteur	1936	3	4	no
The Stratton Story	1949	1	1	no
Street Angel	1927/28	1	3	no
A Streetcar Named Desire	1951	4	12	no
Strike Up the Band	1940	1	3	no
The Substitute	1961	1	1	no
Sundays and Cybele (Le Dimanches de Ville d'Avray)	1962	1	3	no
Sunrise	1927/28	3	4[10]	no
Sunset Boulevard	1950	3	11	no
Survival City	1955	1	1	no
Suspicion	1941	1	3	no
Sweet Bird of Youth	1962	1	3	no
Sweethearts	1938	0 (1)	2	no
Swing Time	1936	1	2	no
Symphony of a City	1948	1	1	no
Tabu	1930/31	1	1	no
Target for Tonight	1941	0 (1)	0	no
Teddy, the Rough Rider	1940	1	1	no
Tempest	1927/28	1	1	no
The Ten Commandments	1956	1	7	no
That Hamilton Woman	1941	1	4	no
That Mothers Might Live	1938	1	1	no
The Thief of Bagdad	1940	3	4	no
The Third Man	1950	1	3	no
Thirty Seconds Over Tokyo	1944	1	2	no
This Above All	1942	1	4	no
This Is the Army	1943	1	3	no
This Land Is Mine	1943	1	1	no
This Mechanical Age	1954	1	1	no
Three Coins in the Fountain	1954	2	3	no
The Three Faces of Eve	1957	1	1	no
Three Little Pigs	1932/33	1	1	no
Three Orphan Kittens	1935	1	1	no
Through a Glass Darkly (Såsom i en spegel)	1961	1	2	no
Thunderball	1965	1	1	no
Thursday's Children	1954	1	1	no
The Time Machine	1960	1	1	no
A Time Out of War	1954	1	1	no
Tin Pan Alley	1940	1	1	no
The Titan: Story of Michelangelo	1950	1	1	no
Titanic	1953	1	2	no
To Catch a Thief	1955	1	3	no
To Each His Own	1946	1	2	no
To Kill a Mockingbird	1962	3	8	no
Tom Jones	1963	4	10	yes
tom thumb	1958	1	1	no
Toot, Whistle, Plunk and Boom	1953	1	1	no
Topkapi	1964	1	1	no
The Tortoise and the Hare	1934	1	1	no
Torture Money	1937	1	1	no
Toward Independence	1948	1	1	no
Transatlantic	1931/32	1	1	no
The Treasure of the Sierra Madre	1948	3	4	no
A Tree Grows in Brooklyn	1945	1	2	no
The True Glory	1945	1	1	no
The True Story of the Civil War	1956	1	1	no
Tweetie Pie	1947	1	1	no
Twelve O'Clock High	1949	2	4	no
Two Arabian Knights	1927/28	1	1	no
The Two Mouseketeers	1951	1	1	no
Two Women (La Ciociara)	1961	1	1	no
The Ugly Duckling	1939	1	1	no
Underworld	1927/28	1	1	no
The V.I.P.s	1963	1	1	no
Vacation from Marriage (UK title Perfect Strangers)	1946	1	1	no
Van Gogh	1949	1	1	no
The Vanishing Prairie	1954	1	1	no
The Virgin Spring (Jungfrukällan)	1960	1	2	no
Viva Villa!	1934	1	4	no
Viva Zapata!	1952	1	5	no
Waikiki Wedding	1937	1	2	no
The Walls of Malapaga	1950	0 (1)	0	no
The War of the Worlds	1953	1	3	no
Watch on the Rhine	1943	1	4	no
Water Birds	1952	1	1	no
The Way of All Flesh	1927/28	1	1	no
West Side Story	1961	10	11	yes
The Westerner	1940	1	3	no
The Wetback Hound	1957	1	1	no
What Ever Happened to Baby Jane?	1962	1	5	no
When Tomorrow Comes	1939	1	1	no
When Magoo Flew	1954	1	1	no
When Worlds Collide	1951	1	2	no
White Shadows in the South Seas	1928/29	1	1	no
White Wilderness	1958	1	2	no
Who's Who in Animal Land	1944	1	1	no
Why Korea?	1950	1	1	no
Wilson	1944	5	10	no
Wings	1927/28	2	2	yes
Wings Over Everest	1935	1	1	no
With a Song in My Heart	1952	1	5	no
With Byrd at the South Pole	1929/30	1	1	no
With the Marines at Tarawa	1944	1	1	no
The Wizard of Oz	1939	2	6[11]	no
Woman of the Year	1942	1	2	no
Wonder Man	1945	1	4	no
The Wonderful World of the Brothers Grimm	1962	1	4	no
World of Kids	1951	1	1	no
World Without Sun (Le Monde sans soleil)	1964	1	1	no
Wrestling Swordfish	1931/32	1	1	no
Written on the Wind	1956	1	3	no
Wuthering Heights	1939	1	8	no
Yankee Doodle Dandy	1942	3	8	no
The Yankee Doodle Mouse	1943	1	1	no
The Yearling	1946	2	7	no
Yesterday, Today and Tomorrow (Ieri, oggi, domani)	1964	1	1	no
You Can't Take It with You	1938	2	7	yes
Zorba the Greek (Alexis Zorbas)	1964	3	7	no
